{
    "counter": {
        "ACTIVE": 17274,
        "INACTIVE": 3726,
        "INVALID": 0,
        "MALICIOUS": 0,
        "SANE": 0,
        "VALID": 0,
        "total": 21000
    },
    "percentage": {
        "ACTIVE": 82.25714285714285,
        "INACTIVE": 17.742857142857144,
        "INVALID": 0.0,
        "MALICIOUS": 0.0,
        "SANE": 0.0,
        "VALID": 0.0,
        "total": 100.0
    }
}