{
    "counter": {
        "ACTIVE": 18758,
        "INACTIVE": 2242,
        "INVALID": 0,
        "MALICIOUS": 0,
        "SANE": 0,
        "VALID": 0,
        "total": 21000
    },
    "percentage": {
        "ACTIVE": 89.32380952380953,
        "INACTIVE": 10.684330918795272,
        "INVALID": 0,
        "MALICIOUS": 0,
        "SANE": 0,
        "VALID": 0,
        "total": 100.0081404426048
    }
}