{
    "counter": {
        "ACTIVE": 18551,
        "INACTIVE": 2449,
        "INVALID": 0,
        "MALICIOUS": 0,
        "SANE": 0,
        "VALID": 0,
        "total": 21000
    },
    "percentage": {
        "ACTIVE": 88.33809523809524,
        "INACTIVE": 11.670796797560046,
        "INVALID": 0,
        "MALICIOUS": 0,
        "SANE": 0,
        "VALID": 0,
        "total": 100.00889203565528
    }
}