{
    "counter": {
        "ACTIVE": 14446,
        "INACTIVE": 6553,
        "INVALID": 1,
        "MALICIOUS": 0,
        "SANE": 0,
        "VALID": 0,
        "total": 21000
    },
    "percentage": {
        "ACTIVE": 68.79047619047618,
        "INACTIVE": 31.20773406991142,
        "INVALID": 0.012084592145015106,
        "MALICIOUS": 0,
        "SANE": 0,
        "VALID": 0,
        "total": 100.01029485253262
    }
}