{
    "counter": {
        "ACTIVE": 18310,
        "INACTIVE": 2690,
        "INVALID": 0,
        "MALICIOUS": 0,
        "SANE": 0,
        "VALID": 0,
        "total": 21000
    },
    "percentage": {
        "ACTIVE": 87.19047619047619,
        "INACTIVE": 12.819290888295845,
        "INVALID": 0,
        "MALICIOUS": 0,
        "SANE": 0,
        "VALID": 0,
        "total": 100.00976707877203
    }
}