{
    "counter": {
        "ACTIVE": 18053,
        "INACTIVE": 2947,
        "INVALID": 0,
        "MALICIOUS": 0,
        "SANE": 0,
        "VALID": 0,
        "total": 21000
    },
    "percentage": {
        "ACTIVE": 85.96666666666667,
        "INACTIVE": 14.033333333333333,
        "INVALID": 0.0,
        "MALICIOUS": 0.0,
        "SANE": 0.0,
        "VALID": 0.0,
        "total": 100.0
    }
}