{
    "counter": {
        "ACTIVE": 18232,
        "INACTIVE": 2768,
        "INVALID": 0,
        "MALICIOUS": 0,
        "SANE": 0,
        "VALID": 0,
        "total": 21000
    },
    "percentage": {
        "ACTIVE": 86.81904761904762,
        "INACTIVE": 13.191002668699962,
        "INVALID": 0,
        "MALICIOUS": 0,
        "SANE": 0,
        "VALID": 0,
        "total": 100.01005028774759
    }
}