{
    "counter": {
        "ACTIVE": 18605,
        "INACTIVE": 2395,
        "INVALID": 0,
        "MALICIOUS": 0,
        "SANE": 0,
        "VALID": 0,
        "total": 21000
    },
    "percentage": {
        "ACTIVE": 88.5952380952381,
        "INACTIVE": 11.413457872664887,
        "INVALID": 0,
        "MALICIOUS": 0,
        "SANE": 0,
        "VALID": 0,
        "total": 100.008695967903
    }
}